{"cameraMode":{"drawMode":0,"name":"Shaded","section":"Shading Mode"},"sceneLighting":false,"audioPlay":false,"sceneViewState":{"m_AlwaysRefresh":false,"showFog":true,"showSkybox":false,"showFlares":true,"showImageEffects":true,"showParticleSystems":true,"showVisualEffectGraphs":true,"m_FxEnabled":true},"in2DMode":false,"pivot":{"x":-0.07546178251504898,"y":1.0691266059875489,"z":0.5257220268249512},"rotation":{"x":0.1757936030626297,"y":0.03395852446556091,"z":-0.006038137711584568,"w":0.9838676452636719},"size":0.8660253882408142,"orthographic":false}